0,PPGFSPFR,-2.180272442,5.82033725,-5.82033725
0,EAKPEVKPE,-12.32693771,5.334197213,-5.334197213
0,FKIKKTTPLRRLMEA,-0.341445875,3.228728328,-3.228728328
0,KIKKTTPLRRLMEA,1.646555521,3.563305972,-3.563305972
0,FAKRQGKEMDSLRF,-1.740277304,3.932582888,-3.932582888
0,LYDGIRIQA,-0.125026643,5.130685166,-5.130685166
0,LYDGIRIQADQTPEDL,-1.412512268,3.329781758,-3.329781758
0,RLVTQDTENELKKLQQTQE,-2.339591075,2.902353169,-2.902353169
0,QQKQVSLEA,4.716989049,4.791132377,-4.791132377
0,EAWLQREAQTLQQ,-0.185124737,3.310381554,-3.310381554
0,WLQREAQTLQQ,-0.929471392,3.325597914,-3.325597914
0,YRVELAEKHQKTLQL,0.848898341,2.484040979,-2.484040979
0,AEKHQKTLQL,0.931816744,3.448364127,-3.448364127
0,LRKQQTIIL,-2.423054908,3.408783045,-3.408783045
0,IQWKRRQQLAGNGGPPEGSL,-0.264719501,2.715614306,-2.715614306
0,IIWQNRQQIRRAEHL,1.598993707,3.984393758,-3.984393758
,FIIEKQPPQVLKTQTKFAAT,-2.056977397,3.325077454,-3.325077454
0,IIEKQPPQVL,0.091275658,3.130287435,-3.130287435
0,IIEKQPPQVLKTQTKF,0.499832259,3.781770514,-3.781770514
0,IIEKQPPQVLKTQTKFAAT,0.507833729,2.32776378,-2.32776378
0,VRLLVGGKL,0.389518286,3.338658748,-3.338658748
0,LVGGKLNVHMNPPQVKA,-0.036810898,5.225719528,-5.225719528
0,PVVVIVHGSQDNNATA,-1.540312136,3.493033082,-3.493033082
0,VIVHGSQDNNATATVL,-1.471019646,3.167644228,-3.167644228
0,KAEVQSNRGLTKENLVF,0.084383934,5.191094323,-5.191094323
534-551,AQKLFNNSSSHLEDYSGL,2.18725878,3.569337385,-3.569337385
559-567,NRENLPGRN,-2.572362369,5.949267392,-5.949267392
579-595,EVLKKHLKPHWNDGAIL,-4.169131174,2.646709474,-2.646709474
580-596,VLKKHLKPHWNDGAILG,-2.128569249,2.37397459,-2.37397459
608-616,INKPDGTFL,-8.851143623,2.510201781,-2.510201781
640-650,FWHLMPFTTRD,-28.71845594,3.544760237,-3.544760237
641-650,WHLMPFTTRD,-26.01878614,5.164324317,-5.164324317
666-679,LIYVFPDRPKDEVY,0.2581184,3.658787189,-3.658787189
666-682,LIYVFPDRPKDEVYSKY,0.6747334,4.006507454,-4.006507454
689-698,ESATAKAVDG,0.033391115,4.568465311,-4.568465311
