PPGFSPFR,-0.276911127,6.172397506,-6.172397506
EAKPEVKPE,-3.581004883,4.960331237,-4.960331237
FKIKKTTPLRRLMEA,-1.107668586,2.95468787,-2.95468787
KIKKTTPLRRLMEA,-4.18505418,2.901873677,-2.901873677
FAKRQGKEMDSLRF,-0.249058638,3.927637418,-3.927637418
LYDGIRIQA,1.229162968,5.008613637,-5.008613637
LYDGIRIQADQTPEDL,4.904282885,2.961314556,-2.961314556
RLVTQDTENELKKLQQTQE,-2.389388621,2.582987648,-2.582987648
QQKQVSLEA,-0.077674413,6.894188018,-6.894188018
EAWLQREAQTLQQ,-1.77872437,2.684945906,-2.684945906
WLQREAQTLQQ,-0.634006109,2.952764223,-2.952764223
YRVELAEKHQKTLQL,-1.325268096,1.851069446,-1.851069446
AEKHQKTLQL,-1.328847622,3.069632284,-3.069632284
LRKQQTIIL,-0.202107845,3.420671686,-3.420671686
IQWKRRQQLAGNGGPPEGSL,-1.577221564,2.336475827,-2.336475827
IIWQNRQQIRRAEHL,-3.089824815,3.47850479,-3.47850479
FIIEKQPPQVLKTQTKFAAT,-0.721015983,2.409580072,-2.409580072
IIEKQPPQVL,-1.957889058,2.143670499,-2.143670499
IIEKQPPQVLKTQTKF,-1.637884393,3.483140701,-3.483140701
IIEKQPPQVLKTQTKFAAT,-1.761413786,2.179270882,-2.179270882
VRLLVGGKL,1.856485868,3.169701773,-3.169701773
LVGGKLNVHMNPPQVKA,-0.169078864,5.575823577,-5.575823577
PVVVIVHGSQDNNATA,0.973235488,3.152063871,-3.152063871
VIVHGSQDNNATATVL,1.59255448,2.470505829,-2.470505829
KAEVQSNRGLTKENLVF,-2.662370927,4.929700796,-4.929700796
AQKLFNNSSSHLEDYSGL,-1.24100214,3.848248005,-3.848248005
NRENLPGRN,1.072065696,4.566786376,-4.566786376
EVLKKHLKPHWNDGAIL,-1.382684074,2.68477761,-2.68477761
VLKKHLKPHWNDGAILG,-1.938508101,2.386973975,-2.386973975
INKPDGTFL,-2.593419329,2.001040097,-2.001040097
WHLMPFTTRD,-27.78412161,3.380929266,-3.380929266
LIYVFPDRPKDEVYSKY,-5.471626059,5.913062163,-5.913062163
ESATAKAVDG,-1.101497448,3.904905651,-3.904905651
